X,Y,XRESIDUAL,YRESIDUAL,ORI
600380.938502528821118,131816.336936837353278,-2.376613485277630,2.392004211898893,0.748972657541525
600379.643776886630803,131797.378454219375271,-4.052737680845894,1.605638844339410,0.879928951808121
600404.613485700800084,131814.857250389002729,-4.406936683575623,-0.386295585427433,0.972169280779259
600426.993743230355904,131793.679238098673522,-1.444666117196903,-2.271913171192864,0.680286111755664
602424.293007136671804,131468.055739084404195,3.751428643474355,-1.726568082813174,0.1372995098863
602419.114104567794129,131427.549322564009344,2.445748083759099,-2.940920879307669,0.279178822699855
602401.542827995028347,131450.669423317682231,2.925210023531690,-2.022337485395838,0.192544210812152
602442.234205321408808,131444.750677524745697,3.228127258596942,-2.031927615462337,0.178823032771952
602143.799944793223403,131306.215033808752196,0.450877209659666,-3.476494940114208,0.458946575405729
602162.850907814223319,131293.91514020782779,-0.636453231680207,-3.382386644807411,0.559203133405487
597678.10104262153618,130544.549475965381134,2.393041911534965,-3.202513365380582,0.295730509493923
597664.013992680935189,130555.369187326679821,2.584919622750022,-3.365848994086264,0.291534991674384
597987.29304179479368,131090.677085072878981,1.675316803622991,3.490405824966729,0.357555748386703
601772.129845553077757,130603.093755755020538,3.914244599523954,-0.202233569027158,0.0164312054675937
601752.686502858879976,130503.091770053986693,1.782791260280646,1.071310049985186,0.172235470126983
601732.171901614405215,130509.733573067875113,2.134378128568642,0.450029434054159,0.0661461540594813
598068.896161889773794,130300.088274710156838,3.458334629191086,0.857253045876860,0.0773437841482336
598092.999479278922081,130287.822364305480733,3.956227566115558,1.192647853458766,0.0932000251037741
599391.471968493890017,130486.701514229382155,-0.289948594989255,-1.770474320932408,0.551670572309646
599390.29358408821281,130461.205560724454699,0.062508828938007,-1.171850965038175,0.483036802978166
599355.370555337751284,130462.598196840262972,1.675041022943333,-1.229163423355203,0.201509048054116
600121.052604398457333,130115.93892985729326,1.400132866459899,2.582101127016358,0.341841297695104
600092.3428752416512,130108.975749278222793,2.036846597911790,2.505766679401859,0.282742187002467
600069.980352997314185,130029.247331647813553,1.352698716567829,1.720253254185081,0.287892896194407
600097.431353357154876,130021.802084720970015,1.252408036030829,1.797531048665405,0.306297837985977
600030.986541754682548,129988.566288187779719,1.477445896132849,0.902571745042223,0.174559773920136
600059.080297244945541,129990.280301868784591,1.417396674980409,1.268877370763221,0.232419112816669
600094.244359169271775,129971.613621624099324,1.687836234224960,2.298589950398309,0.298391441343727
600134.416554817697033,130119.768679175816942,2.128511532559060,2.460853170676273,0.273010437826203
600132.327600643737242,129730.794699443111313,-1.308658311725594,0.066129796614405,0.983928670960928
600125.578671774710529,129745.738756224352983,-1.178046946180984,1.009180439548800,0.774526694904046
601176.429747012443841,129934.052618692701799,-0.285816363873892,0.724183644313598,0.619654746569317
601174.233666983665898,129927.250126896193251,-0.427738061640412,0.960365864550113,0.633376380233512
601197.078255575732328,129927.223345432415954,-0.292713571689092,0.429706027760403,0.690347183348442
601194.908957010717131,129920.474416563462,-0.083233374636620,0.235809850928490,0.60800783767382
601151.281952545861714,129782.442752301722066,-0.140134307555854,-1.065619133965811,0.541620534335698
601625.260298286797479,130493.490615303846425,0.589405009523034,-1.923890837439103,0.405372118784235
601625.474549996899441,130483.313659072548035,-0.668675513123162,-2.172256740537705,0.595053821716806
602169.620330806006677,130414.271045482368208,0.351046983385459,2.790821776696248,0.460170181416107
602165.656674168538302,130409.878885424652253,0.171617741696537,2.678595774297719,0.479633709699738
602190.242057906230912,130394.399199367588153,-0.301424616132863,3.320982537188684,0.528812033322319
602168.495509327854961,130311.80516511152382,1.273068058770150,3.107907637750031,0.376249461357123
602197.847993616131134,130320.053855951613514,0.032905838219449,2.566284899556194,0.49591873854601
602213.809746021055616,130315.768821748963092,0.581522997003049,3.474939182182425,0.447220653252874
602225.272212513140403,130334.194468820351176,-0.062424417352304,2.446612444822676,0.50811979808009
602233.909234577789903,130360.801853072422091,-0.104363196063787,2.646322760629118,0.512546705011831
602270.747137989033945,130402.232777519748197,-0.381075457669795,2.495553675209521,0.548233882283516
602361.054233810864389,130322.022293537986116,-0.298981342231855,3.496621379992575,0.527151294097248
602280.442027872544713,130232.224045527691487,0.252981915837154,3.334636434432468,0.475897616501642
602314.02598343626596,130289.509596524992958,0.273729171720333,3.034615269149072,0.471365221198005
602295.78780661104247,130271.539234337426024,0.281996646081097,2.987290328383096,0.470040706126979
602282.785405952017754,130211.307722325756913,0.203758448478766,4.526869179011555,0.485682250012543
602443.166201719897799,130407.56228880918934,1.649403262650594,-0.490483867120929,0.0920051373124482
602427.284793705912307,130421.943934852155508,0.057853269623592,0.972125338317710,0.481079010494458
602267.908302827505395,130423.657948533422314,0.082219780422747,2.189023050028482,0.488049887270482
598962.120216388371773,129598.577406941418303,1.446720822947100,1.013759824068984,0.19455588257864
598975.239146106527187,129592.419541971641593,1.764760302146897,0.669042214969522,0.115346281495708
599037.728088886709884,129562.112136989977444,1.898494530585594,1.078790918283630,0.164481952171582
599024.78318578726612,129568.430641915489105,1.470363984932192,0.921564399468480,0.178210079759144
598979.67013155168388,129611.468763389522792,2.656719956896268,1.146668640227290,0.129697457761636
599040.124301559990272,129582.339384749575402,1.071960801025853,1.777731882917578,0.32727941870095
599049.494965644553304,129601.562632785862661,0.665156253613532,1.515191839149338,0.368327426114852
599064.702214787248522,129583.999330958817154,0.632372438907623,1.187619534204714,0.344255627465257
599072.305839358828962,129599.849139924757765,0.449680058984086,0.878945499731344,0.349472880460015
599094.367059946525842,129589.728822713397676,0.908556545851752,0.517802154048695,0.164886480790202
599205.101536100497469,129665.657975124529912,0.282386225997470,-0.959892122336896,0.408927155854746
599182.076475778361782,129656.447950995687279,-0.992057727533393,-1.307783680036664,0.706573355414152
598649.822755773435347,129008.319276253430871,2.150163176003844,0.115282869475777,0.0170501362150601
598709.795005914755166,129000.929838289579493,4.082816010108218,-1.082177698044688,0.0824736777187776
598696.729622848215513,128939.351188590822858,1.279746246058494,0.840144914356642,0.18491462840363
598649.715662469621748,128983.580723070102977,2.258139635086991,1.399279070057673,0.176582466842874
598591.189171929843724,128951.238545315281954,1.297921210643835,0.427569984036381,0.10129592408246
598559.971473865094595,128942.135614490252919,1.294272709987126,-0.022522331390064,0.00553852150805726
598557.88315444032196,129014.798421134837554,3.012035927735269,6.484075611660955,0.361576683066804
598600.720475970068946,129008.265729601567728,1.249954251805320,6.703317808191059,0.441319314307548
598590.8946653441526,129026.926737792950007,1.394181583193131,5.205373766046250,0.416700564171992
598573.545550124603324,129029.657617040458717,1.901711627491750,5.171605142066255,0.38783570996325
598569.342137949424796,129034.021669171313988,2.297461694688536,6.026424373631016,0.384064371507785
598596.28949052398093,129030.112763581724721,1.992549639893696,5.889298031164799,0.396153193579599
598694.574370109126903,129001.599171438443591,5.101665698457509,-0.022194273478817,0.00138476578329134
598428.98297662450932,128958.119290085698594,-1.020748771261424,-3.926025013570325,0.580966521121531
598573.440977420657873,129069.802164871274726,2.183199964812957,5.211282549498719,0.373718768442425
598602.534513911465183,129065.307648436661111,1.856363945757039,5.553532928985078,0.397316157309792
598593.642137309652753,129066.709164314132067,2.374414316378534,5.338493498857133,0.366787912002929
599384.951353213516995,129690.637488244989072,-0.442384492256679,-1.321895236178534,0.602796083464588
599371.778876843047328,129699.419139158591861,-0.205730006331578,-1.443327531189425,0.545067889526493
599423.183662678697146,129693.850287359702634,0.202134226332419,-0.546755149480305,0.387281960890581
600136.103786238003522,129591.147808992041973,-0.473571192240342,1.050471328577260,0.634815000796565
600158.700473345001228,129583.222904509020736,-1.675208113505505,1.360294154525036,0.782904904198156
600138.352745618321933,129606.462151438929141,-0.425826670601964,1.833740106114419,0.572629886899438
600148.740796089288779,129600.464926424770965,-1.312473438330926,1.963319092596066,0.68757010643898
600154.845114407246001,129598.215967044452555,-0.791512841242366,1.869329181630746,0.62749338554288
600171.980043019168079,129594.788981322068139,-0.505088515346870,2.380961240021861,0.566538691489107
600329.193013033596799,129560.679764053973486,-0.628841651836410,1.208372188659268,0.652736926042176
600305.926992777734995,129566.944722327709314,-0.203230600804090,1.435543840198079,0.54476579038484
600192.515184027492069,129499.36884761438705,-0.306260246434249,0.858434820736875,0.60908147476633
600082.691000955412164,129539.10046333335049,-0.642714367713779,0.783709220966557,0.718638528870192
600087.188919716048986,129517.039242745464435,0.125128870829940,-0.405439009700785,0.404713517745418
600175.48734871938359,129485.01834490186593,-0.839553170837462,0.400366453352035,0.85835800308404
600022.772297465358861,129194.581304929102771,2.326661594095640,0.393848036037525,0.0533762508030654
600058.648554246639833,129182.05138838160201,0.269564811373129,1.515327745393733,0.443961408287063
600279.689133340958506,129036.618681787571404,0.943665561615489,1.644963659389759,0.33421344087967
600261.269085083156824,129050.969184500092524,1.241783187258989,0.970577726475312,0.211173238054506
600200.440088510629721,128945.161000321226311,2.080864316667430,0.478861057432368,0.0719979047801092
600199.154968864750117,128941.841107902670046,2.550593925523572,1.178004673143732,0.13772273507274
600236.63762520335149,128940.877268168245791,1.403514269622974,1.096421955619007,0.211093707931656
600186.089585798094049,128954.049744538686355,1.730352635146119,-0.184889264302910,0.0338830529902161
600113.587419108604081,128971.452406410244294,3.154036707477644,2.307923866334022,0.20107942947736
599671.800767504493706,129395.782849490977242,-0.121059575001709,1.435042420998798,0.526789059796704
599716.69963513338007,129459.476591941274819,-0.688724675448611,2.566810947333579,0.583443212458819
599675.816766397911124,129404.751913686399348,-1.002888609888032,1.073489630114636,0.739180994259566
599957.733783427625895,129261.751152540207841,1.651873257593252,3.109414625650970,0.344558736072128
599983.162361058057286,129253.211704828456277,2.251333324005827,3.336753223571577,0.311067523606186
600067.963820973644033,129146.51604980789125,1.813995336880907,-0.391078195287264,0.0675897511770283
600016.062955436529592,129270.598969197104452,-0.711870541446842,4.425025613410980,0.550772687863582
600078.495806484599598,129249.155467165401205,4.953221706789918,2.630372251180233,0.155390059315837
600062.270855832379311,129202.378270255532698,4.124636537162587,0.523091336828656,0.0401540816527501
599999.743122031912208,129223.086430956493132,-2.026315217372030,2.574950244103093,0.712224450032716
600014.094138324959204,129302.123763666284503,0.450698544387706,-1.546148366527632,0.409715126905332
600099.974889548262581,129272.508484588179272,-0.596844683517702,-1.110451885077055,0.656983892710392
600264.964135545655154,129410.112196187634254,1.750026749796234,1.736457017759676,0.248761113391691
600278.247720874962397,129417.607933623497956,1.395973353530280,2.064602003316395,0.31075303956198
600283.086741245002486,129408.878720407054061,1.373222263995558,2.724507911494584,0.351392873972039
600252.62937773973681,129414.287037291156594,1.501615145243704,2.305484453318059,0.316238193928096
600241.812743971589953,129433.168705009331461,0.300844792625867,3.943707309343154,0.475764743087669
600476.553399102180265,129117.099299610752496,0.801246430375613,-0.304913552012295,0.115745965914788
600475.054092848557048,129116.483513113751542,0.131363845895976,-0.544425512009184,0.424635885326166
600476.63371908001136,129119.803405532351462,0.840441550943069,1.016393306024838,0.280072920012576
600431.333251562202349,128992.362373979849508,1.663821318186820,0.441246105474420,0.082516422378211
600662.989454400027171,129259.02470050570264,1.298136020428501,1.270150122451014,0.246531603198477
600675.412277643685229,129228.556655567299458,0.903267062036321,1.199279304069933,0.29452143637425
600688.477660710457712,129196.85703763490892,0.351008278550580,2.653604524864932,0.45813825322652
600632.668662754236721,129237.498946436739061,0.427276227506809,1.554298993374687,0.414606083449661
601342.5634004882304,129434.015158956739469,0.773431976442225,1.110768181490130,0.306390906790651
601266.90198133548256,129478.673066652030684,-1.632977157947607,2.296460763915093,0.696755746704234
601286.071682720328681,129432.944225918472512,-0.175077551859431,1.848123287825729,0.530064606167363
601313.541115151601844,129536.182170806394424,-0.249667588621378,3.675098713545594,0.521591186336844
601326.606498218257912,129579.715598811511882,-1.420897655887529,1.771039325554739,0.715221835400871
601366.231020633829758,129588.872076288607786,2.502500910311937,0.442109609037288,0.0556605519967885
601372.228245648089796,129601.50908614002401,2.213104064576328,0.910682187808561,0.124260786805615
601354.932677080156282,129681.347144142040634,-1.586342070135288,1.371752719947835,0.773050805813215
601412.763061146135442,129504.321912918283488,0.636619699769653,0.686097194149625,0.261901138022585
598156.802453447482549,128523.980109300726326,0.277037536143325,1.700415699160658,0.448591552587912
598173.784835973754525,128522.529082945635309,0.821371283032931,1.988059276540298,0.375288444492397
598159.328314139624126,128505.600442136244965,0.094214822282083,1.163441380922450,0.474279570229188
598228.601387165952474,128496.14189996974892,0.842920835944824,0.981502962909872,0.274132284340048
598283.417938358150423,128492.057529488767614,-0.496631143963896,0.789696820225799,0.678696165092422
598248.270855534938164,128518.068520446642651,0.785169897601008,1.482983723239158,0.345004956502588
598267.026714717387222,128516.724977525271242,0.569589896476828,1.444403017492732,0.380436451063802
598340.464770799851976,128510.101310922880657,0.149434745195322,1.738488738556043,0.472706222968666
598357.55463675968349,128508.663719996999134,0.922879654448479,1.929711945427698,0.358003691757424
598339.28245302895084,128492.21875463933975,-0.505647700512782,0.763255382786156,0.686244467821895
598352.234206791035831,128490.982695151673397,0.398190264939331,0.820851713928278,0.356234741221669
598275.947839715401642,128398.815650745105813,-0.696250058361329,1.336206352381851,0.652902402956285
598221.238771956879646,128402.792537792382063,0.861655309214257,1.381383084866684,0.322475676244811
598293.843831428210251,128392.90406189103669,0.089924008119851,0.901527033231105,0.468354432474817
598331.678000094136223,128390.109492614574265,-0.518985421280377,0.541338684779475,0.74329053171712
598164.86371097585652,128402.147637190122623,0.178575563477352,1.724333048579865,0.467152255451538
598203.020329942926764,128399.353067913660198,-0.153291535563767,1.685379469490726,0.52887202835858
598155.243943658773787,128323.362280280489358,-1.074272979516536,0.156350455188658,0.953995958307063
598192.325728288851678,128320.567711004026933,-1.180162483011372,0.058289563050494,0.984291079424214
598188.886258410057053,128277.574337519909022,-0.974608527030796,0.210915725896484,0.932160475420747
598151.750732063199393,128280.153939928946784,-1.297658785595559,0.370247940358240,0.911530526856462
598112.573020475800149,128283.378442940258537,-1.552912669256330,0.160689413969521,0.967179328375438
598115.475073185982183,128326.049366123246728,-0.676959369913675,0.318104980455246,0.860172476011944
598100.911067918292247,128284.130826976237586,-2.495267543941736,0.214359647347010,0.972722090049879
598099.94371701485943,128272.576357852376532,-2.397048614686355,-0.276879834971623,0.963394680544553
598198.183575426111929,128265.697418094918248,-0.513399568386376,-0.223485431357403,0.869312576486994
598324.422868319088593,128292.622018239329918,-1.043241182924248,-0.090351312537678,0.972500958798574
598292.177838205941953,128268.115795353383874,-0.601009219186381,-0.145991678116843,0.924148186039483
598278.151250106981024,128259.732087523996597,-1.395322533790022,-0.911717859169585,0.815772183088155
598326.680020426982082,128338.759282159458962,-0.729858976555988,0.492466035313555,0.811060177186609
598365.159089695429429,128315.112926743211574,0.396463982760906,0.359031770029105,0.234241727713222
598359.462467708741315,128243.421476458446705,0.222703333362006,0.015270957985194,0.0217926676801253
598355.485580661566928,128189.196084151626565,0.875078536453657,-0.733921321167145,0.222146054753174
598366.986308068502694,128177.480389877207926,0.615425217198208,-0.541696841130033,0.229745621127831
598932.779103119391948,128472.253706827643327,3.007590997731313,2.312106587749440,0.208619631547288
598949.224068477051333,128461.82781375774357,2.792359465500340,1.829070846462855,0.18458822986292
598970.4251757763559,128440.492352166256751,1.825715855462477,1.445678018135368,0.213186950783796
598693.816559123108163,128928.279045201881672,2.979931651498191,1.798392043361673,0.172839042455423
598255.337891301722266,128642.910528701075236,0.483660420286469,1.749838747608010,0.414161384817904
598274.04000876727514,128641.566985779703828,0.214187159319408,1.718692442504107,0.460535002193502
599788.535331464023329,128856.8025617844105,0.032538473489694,2.757202941153082,0.496243716101473
599797.563939895713702,128853.578058773084194,-0.197370363865048,2.956684152668458,0.521216966593062
600012.423323883558623,128777.479787705800845,0.948709393036552,3.776514681216213,0.421657590953551
600003.394715451868251,128780.489323849702487,0.205670835799538,4.334401132146013,0.484907259421654
600041.927526437211782,128823.267730466628564,2.864817106863484,3.236180358711863,0.269351414009604
600061.059577637817711,128816.711241010256344,3.494531682343222,2.550816011833376,0.200707717895344
600199.444498540600762,128769.311046743780025,0.652839394751936,1.506520508235553,0.369838133373202
600255.873301238869317,128934.19063405621273,3.058070119819604,0.480351185964537,0.0495937999705656
600232.979329858440906,128930.213747008921928,2.224445572355762,1.637633323349291,0.202002454588034
600322.781738723861054,128799.728858483940712,1.043867392581888,0.320810853707371,0.0949095441293863
600325.576308000367135,128805.962897639183211,1.929345080163330,-0.751299323223066,0.11820142799373
600318.589884809218347,128777.694754573225509,1.049769773962907,-0.140457634392078,0.0423379390658532
600238.568468411453068,128437.670912028974271,0.897669891477562,0.173816756840097,0.0608812631810473
600226.100390101084486,128427.567469260160578,1.295837218174711,-0.027347372146323,0.00671662057893584
600189.79786036524456,128457.394122114914353,2.012490967172198,-0.488784243119881,0.0758411039670749
600142.40774267015513,128500.730099044259987,0.573158698854968,1.280582585095544,0.36604350752557
600152.420496292063035,128512.80183219286846,1.059620731626637,1.077714591781842,0.252694624901634
600070.447583791799843,128533.606594334662077,1.275048107723705,-0.170681779694860,0.0423581084831348
600050.724373703356832,128528.178680931581766,1.096016451716423,0.029075566155370,0.00844227288582454
600056.689704274991527,128505.660901566327084,1.208787348587066,-0.979134614230134,0.216710861966995
600076.520397797226906,128511.035073252554866,1.197715033078566,-1.072073455841746,0.232398278757236
600087.376224603271112,128557.360433187743183,1.588439635816030,2.510132739829714,0.32041067189326
600106.454534089425579,128550.857685447423137,0.615481429966167,3.000501653645188,0.4355996453434
599983.332260758266784,128592.829966316770879,0.037961760186590,1.538821330424980,0.492149086480562
600002.141861659940332,128586.327218576450832,0.056516962940805,1.868902273767162,0.490377010415308
599976.453320999862626,128572.730564210316516,0.262820065021515,1.425467925801058,0.441963518025027
600007.193583045038395,128567.463875957837445,-0.316193951410241,1.946768034293200,0.551252317866784
600003.001729129697196,128527.31881346181035,0.402287086704746,0.433006872670376,0.26170127761348
600022.483101492282003,128518.720138763848809,0.670512648066506,0.513724052230828,0.208100619665705
600035.219888388644904,128548.922983640382881,-0.455560661386698,-0.393764679320157,0.773119139826919
600043.334887634846382,128546.074672646689578,-0.338013512897305,-0.199933948199032,0.829976758236571
600076.601010372280143,128381.410052181003266,1.997871246421710,-1.471991474158131,0.202122464470425
600098.567937139770947,128387.469430757235386,1.364541378570721,-1.236611011030618,0.234357427544327
599868.768355833366513,128516.583905520732515,0.604211242403835,-0.066697391710477,0.0349957578775306
599857.482595292152837,128521.259434887819225,0.334469859837554,-0.305871519682114,0.235793375977923
599868.781791262561455,128487.926135003493982,1.164317184360698,-2.066311330592725,0.33666542883821
599862.641800110926852,128486.864736095463741,0.898986947489902,-2.173123296786798,0.375143829867067
599871.025507941609249,128493.367483835871099,1.860111334361136,-0.200060708142701,0.0341041110615262
599379.544071798329242,128374.356451842773822,3.054883113829419,0.407620613477775,0.0422234691746447
599339.77520131948404,128400.474926238282933,4.064946444123052,-0.844708305085078,0.0652175955061074
599401.793142579612322,128424.121281658080989,2.049298067693599,1.684970966904075,0.219042655637817
599390.722348905866966,128416.167507562335231,3.518024667515419,0.421137973637087,0.03792398071655
600713.330270856618881,128417.132274855466676,-1.528967001475394,-1.221347327737021,0.785455254908266
600704.871414051973261,128420.775140194702544,-0.786566954338923,-1.016324027135852,0.709652662317426
600702.062085697194561,128415.403457406340749,-0.812271345406771,-1.623441509815166,0.647669969820895
600710.644429462496191,128411.204900744181941,-1.231286718160845,-1.690002316667233,0.700422202268331
600664.769023580360226,128438.495519048243295,0.450939088594168,1.082590530219022,0.374369234504924
600644.162137021659873,128450.16503682982875,-0.476223062840290,-1.102796643041074,0.629756889773604
600616.161468693753704,128461.309735028655268,2.466163113596849,0.127050340728601,0.0163840171033331
600669.882693683495745,128318.895000039963634,2.025185508071445,0.725374591042055,0.109479717511168
601073.618914432125166,128710.784267285940587,0.711471153656021,1.248343055660371,0.335109907195019
601081.769053835305385,128714.674106546517578,0.221275210147724,1.423286760778865,0.450906093078192
601086.029353977763094,128722.145067666016985,-0.602036213036627,0.273500973125920,0.864266796750417
601030.120632542297244,128760.889101570908679,-0.725277603603899,-0.181101310794475,0.922110961078135
601330.892375677009113,128369.412213891817373,-0.313543289783411,-0.143029293991276,0.863771739418028
601399.869869271409698,128376.23741193349997,0.620017855660990,0.038825583353173,0.019906605938638
601521.536992464680225,128718.687432769671432,0.540390497539192,-1.416771059826715,0.384010822069862
601519.190740212332457,128833.159845296642743,-0.258139255223796,-0.826887884235475,0.596318932067012
601521.783966386108659,128830.690106083551655,0.762846540776081,-0.887295026797801,0.273960572110307
600641.345842029200867,128315.966076470911503,1.674272187403403,0.164723048015730,0.0312164141653488
600617.269552874146029,128372.556104328352376,0.746770295896567,-2.015211610603728,0.387038735410923
601380.453139917342924,128605.696863770484924,2.190552225918509,1.005014621128794,0.136919028276541
601357.73153915675357,128625.640007916284958,0.185445314855315,1.066195905892528,0.445184183204661
601296.121484866249375,128348.802265474601882,-0.193838170496747,-0.211780970494146,0.735928549459397
600497.552242973819375,128488.754712030218798,0.679896307294257,-0.637966477705049,0.239875897103557
601010.59425687615294,128728.98315812072542,-1.165367272216827,-0.616767455445370,0.845056059630334
600700.950703024514951,128390.134938072907971,0.309743806254119,-0.304802985992865,0.247440914067903
600618.613095795619301,128389.699712007874041,1.230380544089712,-0.161400637196493,0.0415186457716381
600622.052565674879588,128381.208520743413828,1.637998123769648,-0.400194595393259,0.0762750193457344
601520.546894491300918,128731.497031264632824,0.961769528570585,-0.638340401259484,0.186515595376117
601522.589079732191749,128731.497031264632824,1.314288268098608,-0.480925232113805,0.111658982813745
601530.435370394377969,128743.965109577125986,0.638804678455926,-1.194915031068376,0.343727357309001
601490.666499914717861,128877.029600532943732,1.343136106035672,-0.334772955946391,0.0777535717266892
601500.554975817794912,128888.637811375621823,0.654520904645324,-0.513329401961528,0.211702639777212
600394.066767300129868,128787.388416803369182,0.177072449703701,-0.814684837081586,0.431874661266909
601576.330796596244909,128915.831120108865434,-1.355355608393438,-1.863471180811757,0.70016367538967
601597.827483341912739,128923.892377638490871,-1.755967197474092,-0.709312005637912,0.877800342396355
601572.13894268090371,128888.207877640656079,-0.061751521308906,-1.651502171080210,0.511896422153537
601702.408864359604195,128832.746425836769049,0.146939603728242,-0.670831961673684,0.431361167579446
601711.974889961420558,128776.855040297974483,-0.577927224338055,0.485551324687549,0.77757981676086
601724.120517972740345,128789.430602044201805,-1.069934548693709,-0.388145632838132,0.889224934610009
601719.498730322462507,128842.95735204097582,-0.081976443761960,-1.230136367303203,0.521180894166196
601701.334030022262596,128820.385830957995495,-0.661441907053813,-0.348608651693212,0.845604551515474
601723.583100804127753,128802.328614091617055,-1.465796998701990,0.583872399860411,0.879339300971718
601742.392701706616208,128824.900135174597381,-1.964424845413305,-0.082037376691005,0.986714613587618
601767.54382519912906,128829.951856559840962,-0.979648071690463,1.548016774424468,0.679596083872341
601741.747801103978418,128254.378068944017286,0.474477153969929,-0.864966119726887,0.340294611323012
601738.630781525862403,128247.069195450472762,0.258608742034994,-1.883533312691725,0.456567676215224
601723.90555110515561,128207.73025870588026,-0.641534735797904,-1.979379714874085,0.599766527190372
601810.967132425284944,128219.230986114824191,0.020461544860154,-0.912081609829329,0.492860266410229
601834.183554110582918,128267.276080991432536,0.601603035582229,-0.557108876644634,0.237783006781129
601844.501963748596609,128262.97674364229897,-0.408025721320882,-0.140627956192475,0.894351392903414
601856.002691157511435,128261.579459003827651,0.445697239600122,0.379892026481684,0.224682011877731
601853.745539049152285,128228.797011716640554,0.739810899365693,-0.592239213990979,0.214879133437774
601868.578252903767861,128256.957671353506157,1.510564878932200,0.037918451445876,0.00798859019609292
597521.219856793060899,127841.684744295387645,0.380586287472397,3.678010918389191,0.467179336728465
597583.810255751479417,127781.245218153388123,1.773199936607853,2.423276576810167,0.298920574769936
597632.419981403043494,127830.93038021317625,3.070356137468480,3.493804807352717,0.270505498592882
597641.453647232148796,127840.394220605521696,3.307046251138672,3.533228810993023,0.26052149536642
597622.310879165772349,127839.964046042237896,2.479273385251872,4.870291713654296,0.350117503639092
597580.799033808521926,127797.161676995048765,1.396246724063531,4.012855300403317,0.393416630221919
597535.415617381571792,127842.330006140327896,2.893849286600016,3.257977783010574,0.268818901205001
597579.427852388122119,127900.538001735301805,2.505214991979301,4.009688487451058,0.322240290101673
597522.564152303151786,127943.878088986632065,1.941917746560648,4.228784594175522,0.362970794063756
597544.610598671715707,127965.386817151069408,0.711348556564189,3.114015535640647,0.428513638896806
597503.95910244085826,127942.48002165593789,0.661920794169419,4.275407122608158,0.451107271906709
597556.010224598925561,127973.775221135205356,2.423474247567356,4.865962624637177,0.3529142993833
597525.898005168652162,127983.991867013319279,1.119765414856374,4.440865678494447,0.421377010337649
597635.592518807272427,128077.877465451107128,1.944870731560513,4.773673221192439,0.376851295293174
597635.162344243959524,128059.487502870513708,1.156168477376923,2.880765911395429,0.378513346067918
597605.802930299192667,128025.073537807402317,2.108826697687618,4.155086385595496,0.350504926414413
597680.115586107363924,128003.134635079652071,0.880298473988660,2.106526005605701,0.374002133464823
597741.845635939389467,127943.340370782505488,0.690928602358326,2.677636859909398,0.419617775993166
597750.87930176849477,127953.019298456492834,1.322909929323941,3.047933196998201,0.369652584128201
597799.596571061061695,128002.919547798010171,3.222608396434225,3.084444383479422,0.243028132179673
597790.347817950299941,127993.563251046478399,2.203163909609430,2.172893924231175,0.247798227926333
597765.29014963877853,128013.028650035295868,0.883628665003926,3.319025845004944,0.41717706852753
598821.31342342379503,127689.066304685882642,3.880864602746442,0.329647136677522,0.0269730280647801
598819.485172716085799,127695.880693687140592,3.690707674366422,0.233189746853895,0.0200850544951318
598833.861871462664567,127692.390396881615743,3.682598767569289,0.113501632571570,0.00980754639085656
598835.482366408105008,127658.526207637551124,2.924445067066699,-0.305738751107128,0.033157542387282
598862.075103974202648,127663.595448236039374,3.628940662369132,-0.672360429307446,0.0583143404163968
598871.361786546069197,127665.94308834928961,4.423454940086231,-0.255409814679297,0.018358794758171
598906.285530177876353,127696.254654059492168,4.569264181656763,0.228510716857272,0.0159055525481662
598943.598465075483546,127705.562112207669998,4.446981890127063,0.534001860112767,0.0380410947913651
598919.914308180450462,127665.548352401063312,4.692928089760244,-0.352115005909582,0.0238384364902291
598946.091534222126938,127671.573269505912322,5.499332660576329,0.390999073264538,0.0225936115894699
599010.412718210136518,127737.265641524892999,3.023368290509097,1.233567521529039,0.123311110386068
599015.648163418518379,127738.678380708108307,3.385837581707165,1.339058624900645,0.119878942777752
599005.385028764139861,127756.545376260473859,3.216831920086406,0.790125906598405,0.0766663123636228
599010.620473972521722,127757.750359681449481,3.421115474775434,1.025837564520771,0.0927311466650368
598975.675954764243215,127785.340324906501337,3.229602763778530,1.284523505848483,0.120496712125956
598956.271566571202129,127768.3874547079904,4.500178385293111,0.222049675299786,0.015693451028063
598865.399196168757044,127744.53709320318012,2.729845157009549,0.330182802150375,0.0383143988645123
598842.50451117020566,127738.719931860541692,4.003029736108147,0.268850740103517,0.0213462124874656
599036.132881574914791,127937.542196321330266,3.703375721117482,-0.371618603399838,0.0318345298114448
599027.57334417081438,127947.597575213614618,2.722587024676614,-0.676308603113284,0.077501593607639
599037.961132282624021,127946.018631420607562,2.249189596273936,-0.126149385338067,0.0178342328250123
599006.340705270296894,127941.364902346467716,2.071140256361105,-0.109013223860529,0.0167386037147034
599022.504103572340682,127991.350938740943093,3.853341762674972,-0.956682410251233,0.0774616674351889
600030.962783825001679,127640.448181302417652,2.063518123351969,0.743777250027051,0.110118106900072
600055.78579363564495,127635.722092245923704,1.703083029715344,-0.416475438963971,0.0763419222224804
600064.66377401270438,127635.324570736498572,1.195408731815405,-0.290529110337957,0.0758898617874494
600090.281826842227019,127638.548911868521827,0.341903957189061,0.750037032965338,0.363856424169975
600082.066382314194925,127571.191100549476687,1.404344015289098,-0.729010558789014,0.152412927133322
600102.207472125068307,127570.219381304195849,1.153498344705440,-0.599848062600358,0.152642013820137
600012.985977787873708,127573.311215266367071,0.806355313863605,-0.140866784640821,0.0550518118781325
599941.255429865210317,127611.914970737096155,1.704838796169497,0.114184153557289,0.0212874925727484
599982.951019298052415,127613.416718661581399,1.799990531872027,0.273109573390684,0.047931046800264
599933.21666156349238,127633.822822811998776,1.283366807736456,-0.385333736150642,0.0928472298139736
599922.174397412920371,127636.031275642133551,2.609762069303542,0.394959713928984,0.0478100094009819
599931.979927978711203,127636.91465677418455,0.989768644212745,0.282617195174680,0.0885338409933455
599895.142934772069566,127627.639154887627228,2.075561099336483,-0.218260968860704,0.0333501258220609
599915.284024582942948,127576.491387341782684,1.639660712098703,-1.016582450785791,0.176659618460466
599815.815309113357216,127857.759939787400072,1.866177803603932,1.096731293015182,0.169123696846469
599829.066026094253175,127859.703378277918091,2.115095185465179,0.773890559881693,0.111650160763968
599822.882358169765212,127802.548619034088915,1.379612265038304,0.100465533148963,0.0231389819416884
599836.199328735470772,127804.315381298190914,1.509273914387450,0.161627007211791,0.0339581487926355
599622.995292514562607,127886.094389597972622,2.181198999402113,0.941689271334326,0.129729507554733
599648.083316664909944,127875.140463560514036,2.529810657608323,0.682940147860791,0.0839293326759674
599612.748071382869966,127836.006679410580546,2.058506312896498,0.374217362157651,0.0572406879696259
599618.710894024232402,127834.769945825697505,3.219073386280797,0.570885459121200,0.0558696687174774
599647.818302325438708,127865.776623560755979,2.937161318375729,0.796871547543560,0.0843296307606861
599542.695947611005977,127536.275461305049248,1.819980113999918,-1.438536316694808,0.21290727731175
599524.807479687151499,127584.640578284946969,1.168198822997510,-0.290642743406352,0.0776182113304064
599484.92282157484442,127575.895105077608605,1.934586410061456,0.379184971447103,0.0616087092300241
600333.647379754576832,127786.111567900414229,1.781237440649420,1.540788362559397,0.227000756582499
600342.573501942795701,127799.877153925670427,0.893389716278762,2.190150196242030,0.376715760362581
599931.756794002023526,128150.469423006070429,1.403980904957280,-0.308735949656693,0.0688998594541194
599944.446943619055673,128155.416430483892327,1.297223536996171,-0.500813473001472,0.117277015980248
601035.047005197731778,128063.466617580954335,4.411685549421236,0.755998413849738,0.0540217385748128
601043.758040104294196,128054.002777188594337,4.717697162530385,0.525391497474629,0.0353034584606555
601035.26209247938823,128020.556704892864218,4.655198998982087,2.039342945427052,0.131428866766225
601141.622753252508119,127795.037690088531235,1.430431362125091,-0.842436767910840,0.169419382092917
601102.046693429816514,127794.392428243605536,1.827073294552974,-0.384496937404037,0.0660230641131451
601110.004922850755975,127809.340994317899458,1.952920187381096,-1.335481379137491,0.190921171487273
601111.940708385547623,127773.959136487348587,1.465784005704336,-0.209166697837645,0.045118069826017
601024.507728397031315,127661.576031827979023,1.501043188851327,0.557478985763737,0.113192850235978
600662.51583338889759,127981.518363274488365,1.621070496621542,0.482459328690311,0.0920774369073666
600656.278302221209742,127980.227839584622416,1.105604666867293,-0.592386375850765,0.156569681203592
600788.341893151053227,127952.051405689184321,3.552404925576411,-1.521725669867010,0.128825521968751
600785.868389412062243,127944.200719909145846,2.751712015364319,1.163365569285816,0.127320067254388
604543.738138519227505,127546.42119833023753,1.484896121430211,3.773531394122983,0.380667838078597
604554.229804512229748,127544.90458126590238,2.335276638739742,3.912857858333155,0.3287241694526
604546.947965045808814,127508.240883124482934,1.872050410485826,3.152140308549860,0.329411113696113
604541.130803703097627,127509.071906173441675,1.017643842846155,3.116203938596300,0.399526458364048
604563.859284092206508,127579.708865335240262,1.627772285602987,4.002625800800161,0.377053328044646
604580.93680774839595,127577.382000798141235,1.448140162392519,4.002240813817480,0.389490209095405
604548.152948466711678,127463.739598852509516,1.188184132915922,3.206298684483045,0.387035536886028
604565.27202327537816,127461.371183162977104,1.190241906442679,3.113454053731402,0.383770287451123
598406.21968241292052,127352.424384153142455,2.290385493659414,4.124834067115444,0.33865565464448
598421.796992332092486,127357.759079330935492,0.339718430885114,3.223394824453862,0.466576227759163
598415.181970311561599,127328.738337563685491,1.619405484059826,4.069495726129389,0.379447385388513
598397.897557935561053,127356.692140295359422,1.185176431317814,3.259073130859178,0.388977658209739
600365.279792557586916,126678.065566726887482,0.720628795330413,1.169617480933084,0.324232234080271
600381.924041512073018,126646.804252984948107,1.474298120476305,1.413874838050106,0.243341630465123
600369.654242603108287,126663.98197145749873,1.551043463521637,1.505129308075993,0.245218257837328
600367.840446242480539,126620.024083192343824,2.776692402316257,0.278625360719161,0.0318340346814046
600375.735795105807483,126778.464529973542085,1.217672600760125,2.530848575581331,0.357257206457574
600363.999465714674443,126769.822323785469052,1.884685482946225,2.638804556234390,0.302582428318004
600377.549591466318816,126787.960287390058511,0.857538786367513,1.863945725621306,0.362746834326092
600310.599166984320618,127036.237000966604683,0.957633896847256,1.476488662010524,0.316850071193994
600307.291655973996967,127037.517327809284325,0.897056769346818,1.280463781848084,0.305477774368213
600329.857416576356627,127042.798676035337849,0.600275941658765,0.420774297352182,0.194606838068878
600339.353173992829397,127038.530919893077225,0.882166050141677,1.436244867480127,0.324672475634678
600325.909742144751363,127032.876143004570622,1.299968094448559,1.626182372216135,0.285340026464779
600275.59022987971548,127101.867088391911238,1.417627432267182,-0.188411711729714,0.0420589220125482
600270.535606198711321,127122.552368943957845,0.440574838314205,0.866036450432148,0.350202212222932
600239.501017001341097,127109.735763779186527,1.649154747370631,-0.795301362493774,0.143031055768395
600231.819055945263244,127112.349764416328981,0.417706602136604,-0.645107604213990,0.31709432689941
600692.149902840610594,127325.950959336740198,0.174071945017204,1.741732903770753,0.468292820636984
600709.380968265002593,127344.729086362713133,-0.021585849346593,3.548911284378846,0.501936059813358
600728.585870905197226,127338.594186908201664,0.695778136141598,3.210213069440215,0.432060682309628
600746.350405847420916,127315.97507935417525,-0.477776662562974,2.102608643239364,0.571122008482939
600755.419387649744749,127312.880956151042483,0.371688187588006,1.985613932876731,0.441097072516018
600730.45301421743352,127267.482700187669252,-0.868113083532080,2.152190382068511,0.622040581715247
600739.575342971598729,127264.335230032753316,0.033432433730923,2.140497701533604,0.495028722094958
600711.83492804679554,127258.840493999581668,-0.497140394407324,1.504443289566552,0.601589103543803
600675.82573559647426,127270.896905101486482,-0.273567723808810,1.170963115568156,0.573055209503981
600681.00038991891779,127291.702216295030667,-0.527027892996557,2.138560404579039,0.576911864605215
600596.392124398495071,127364.040682906444999,0.145781256840564,1.998160197908874,0.476817902595256
600807.486012585344724,127332.619328308996046,1.195283528184518,2.169419238955015,0.339703236028545
600822.209771276102401,127363.560560340425582,0.905104231089354,1.839454284941894,0.354447159447052
600878.410784974577837,127339.554432040182292,1.078563992283307,3.547401768271811,0.406046963665019
600880.491316093946807,127328.59163344973058,-1.845858443994075,3.109049930790206,0.670543420131754
600825.170527099631727,127217.069830756998272,0.895066220895387,3.445067937238491,0.419088514177243
600827.624486881424673,127227.312445498449961,0.654359205975197,4.066632113681408,0.449216265861753
600836.853509539272636,127271.37702766743314,0.281609200988896,3.619840591345564,0.475286533762965
600834.772978419903666,127260.387555601017084,-0.042465648497455,3.212192208011402,0.504207857895171
601042.345967790577561,126617.876868379025836,0.596250238711946,1.654081609391142,0.389873235028702
601046.880458691739477,126619.904052546611638,1.012996876146644,1.795740503788693,0.336512106875695
601011.618123566149734,126613.662459188519279,1.168290641857311,1.279851524275728,0.26449522920545
600989.052362963673659,126600.432415147399297,0.267194283427671,2.464095473929774,0.465618390620804
600394.180503678624518,126641.509568017077981,1.582153761293739,0.722852072169189,0.136414681894869
600397.167932978249155,126640.335935077950126,1.280967910541221,1.036114917471423,0.216487625620655
600421.760877748136409,126660.287695043181884,0.711033866973594,1.120922785878065,0.320065875400161
600427.629042443819344,126673.784473843203159,0.489946852787398,1.229734701570123,0.3793157585435
600429.069410141906701,126669.783452459800174,1.090178926009685,1.339136715614586,0.282507114021413
600425.815246083308011,126662.048144451880944,0.794905337505043,1.316022164290189,0.327039623430179
600406.957098629558459,126700.457949732648558,0.962591623887420,0.804030898769270,0.221506889960302
600404.023016281658784,126693.976295091531938,0.858524049981497,0.936026415220113,0.263738509393779
600841.174612634349614,126935.958068360734615,1.809353403397836,4.580457188319997,0.380251067784185
600852.950952239450999,126933.584129006572766,1.434123881161213,3.622239252916188,0.38000167841051
600826.050751804606989,126967.939565952590783,1.626220513135195,4.283245806785999,0.384498477197057
600834.66628451703582,126971.513811721815728,1.768688305281103,4.257098987669451,0.374659333620636
600818.075382513576187,126926.729045702901203,1.899991233600304,4.304975747290882,0.367699131684203
600815.549152187188156,127227.64281443823711,0.222940266248770,4.504136015995755,0.484257530597959
600780.551558284787461,127235.231225538474973,0.716800000984222,3.794854802283226,0.4405754186913
600769.64321732823737,127240.132074374036165,-0.658822572906502,2.963695190177532,0.569627376368923
600779.28682310145814,127226.85235494862718,-0.251180956372991,3.175275286659598,0.525127658114863
600822.920186927774921,127278.706497466890141,-0.080821285024285,4.784555400401587,0.505376417527964
600796.755977821769193,127284.476851741026621,0.532439988921396,4.382810191978933,0.461519102732762
600827.425806018523872,127300.206995584230754,0.812762594432570,5.118095484896912,0.449870420705496
600801.419688810477965,127306.609717450046446,1.266166153945960,4.615304821520112,0.414771508846814
600841.733122780453414,127300.048903686300036,1.506600454100408,2.482252452653483,0.326357710042413
600842.207398474216461,127296.570881932027987,0.806485086795874,2.391055940141086,0.396450768097444
600642.774469246040098,127304.317384930167464,-0.023913998273201,1.511498132967972,0.505035684038763
600667.832035066559911,127334.196753637341317,0.634746873285621,1.732865121724899,0.388234804060682
600674.788078575162217,127332.93201845396834,-0.401994804269634,2.030230137126637,0.562221982627655
600662.773094333009794,127296.808019778894959,-0.590354834566824,1.322144218123867,0.633674400004378
600594.556440379819833,127358.700997815205483,0.342152132885531,2.149022806974244,0.449742782387449
600601.631052811862901,127362.297588492918294,0.557038804516196,2.215858240539092,0.421605365241284
600607.766994599951431,127365.222288604461937,0.199634769698605,2.690624106529867,0.476425731295678
600420.388572588679381,126606.144040733997826,0.091623145621270,2.239378838072298,0.486983758588929
600418.491469813510776,126695.465963059730711,1.439064926817082,0.675655174971325,0.139725102364689
600987.464210433070548,127362.297588493049261,-0.799871697323397,2.099082954868209,0.615887371304541
600996.870678359409794,127304.27786195576482,-0.192922131391242,3.341503186587943,0.518357284702198
600983.274775138124824,127314.079559626916307,-0.653428251505829,3.368359570798930,0.560991402663172
600977.662512761889957,127348.227409578015795,-0.827291261171922,2.645966015872546,0.596458030821239
601017.501671038451605,126912.209955109647126,0.431198584614322,2.007628248335095,0.432656463066174
601014.497924978029914,126958.135651455973857,1.352829625597224,2.300068302676664,0.330762573169671
601500.077189445844851,127074.570334275573259,1.188795499037951,0.583014580988674,0.145135940264514
601488.22029710165225,127091.486167353243218,1.201804643147625,0.930871511562145,0.209777675738812
601504.978038281435147,127102.868784003629116,1.167934896773659,0.934031282828073,0.214724086150144
601516.755884676589631,127086.26913472180604,1.288044148241170,0.429595488167251,0.102471412990948
601513.515000769286416,127082.474929171687108,0.731085328035988,0.282414166329545,0.117340373603541
601504.898992332513444,127076.54648299960536,1.175614612177014,0.731254444879596,0.177124392927552
601490.354537723585963,127086.585318517652922,0.812295801355503,0.864733598558814,0.259949755606824
601496.203937946702354,127078.04835602985986,0.993507201666944,0.903057070914656,0.234830795027608
601508.851289780577645,127099.469808198307874,1.096421830123290,0.855912526763859,0.210983780652417
601514.858781901537441,127091.169983557396336,1.170395333319902,0.283174529758980,0.0755622612046745
601970.422887902706861,126643.990201271459227,2.194018444046378,2.730584396398626,0.284545559882587
601974.050480623729527,126636.521628022339428,2.361827154760249,2.215050440761843,0.239795560020048
601949.937658419366926,126625.1053803415125,2.760818430222571,2.435624794787145,0.230106096787891
601946.523453505476937,126632.360565783528727,2.539603093871847,2.949051025832887,0.273701687330725
599993.87918212544173,126242.392263006651774,0.654869404854253,-0.864166781830136,0.293583279206915
600006.132699309848249,126242.350009499117732,0.831069755018689,-0.776741512192530,0.239248340284577
599984.625663975835778,126234.068322022736538,-0.265649716020562,-0.003222750965506,0.996138587358301
600015.386217459454201,126234.152829037804622,1.526411271304823,-0.057253945808043,0.0119338462403794
599984.224255654262379,126204.659880780091044,0.688182062236592,-1.173938442851068,0.331224807284218
600015.7876257810276,126204.617627272557002,0.901190174859948,-1.372657795858686,0.315077359106475
600097.336895318701863,126436.166848550958093,-1.455765562364832,-2.673841901181731,0.658699753893627
600129.027025968185626,126477.575285932878614,-1.096336265094578,-1.500402892619604,0.700863317918268
600137.815755534917116,126466.420359944284428,-1.718963914434426,0.138350418055779,0.974436005946932
600149.393216598895378,126480.110496384833823,-1.595123900333419,1.558464157686103,0.753700113235785
600170.857998425373808,126467.8569792003982,-0.082094901008531,0.828139642559108,0.531451845975539
600167.857999390573241,126461.476699562976137,0.098012032220140,0.701556427928153,0.455816001019918
600336.787522505619563,126578.476661920649349,-0.094656909932382,0.654239760086057,0.545736433925394
600327.872032416285947,126582.363984613650246,0.361894882284105,0.341042452928377,0.240560199165278
599657.308867874322459,125940.110670118796406,-1.093132323236205,0.736710621815291,0.811234515422104
599666.435625501326285,125955.828974920907058,-1.284129778156057,0.141981455410132,0.964948032253044
599687.562379267648794,125923.547295166034019,-2.575159376836382,-0.250986078899587,0.969073831806837
599695.928573759039864,125938.167008772288682,-1.788347880239598,0.146072108182125,0.974058063806969
599698.294770180946216,125917.378283066282165,-2.341165173915215,-0.812464139627991,0.89367490127775
600404.350881049758755,126549.36399523082946,-0.159042749088258,2.231261425098637,0.522650596634023
600408.195950235240161,126557.941457259948947,0.536627607769333,3.026727735690656,0.444145256079964
600400.379051341675222,126561.659765922813676,0.327691330458038,2.615944712320925,0.46033292322606
601033.970396793214604,126585.997786261606961,3.154100902029313,3.900195110836648,0.283541196755482
601031.097158281016164,126592.166798361373367,2.805228469427675,3.989437784752226,0.304924994149764
601022.56194975937251,126588.702010743698338,2.578192701097578,3.901478293584660,0.314123846042114
601242.026667883736081,126440.054171243973542,-0.179450723226182,2.344589785876451,0.524315464483048
601217.604140529758297,126427.441499245454906,0.512399176368490,2.139372524543433,0.425171470107282
601252.80131230445113,126437.328820008056937,1.287025369936600,0.876755975885317,0.19035407681436
601107.026711317128502,126001.35712928713474,1.665894694393501,0.456406066674390,0.0851188892540043
601089.195731138461269,126011.244450049751322,0.187493788544089,0.036142733370070,0.0606163199428044
601092.406997710932046,126004.3993818294839,0.079829768277705,0.823464122309815,0.469237947599021
601138.209799876203761,126036.343033524099155,0.656374726910144,1.256244905554922,0.346741147494743
601108.716851618490182,125992.399385690237978,1.856703584897332,0.150205931553501,0.0256950738308001
601118.899946933845058,125995.145863679863396,0.589276871411130,0.417045581285493,0.196044286618441
600700.421208331477828,125844.047320743411547,-0.444145270856097,2.331422856936115,0.559921293643734
600681.956425539799966,125827.779720343387453,-0.297817555256188,0.761346459054039,0.618689194110461
601071.280243944958784,126036.51204755420622,0.949017389677465,0.486423467387795,0.150764603223556
601991.350799749721773,126487.266514386647032,1.137637014733627,4.147256086202106,0.414780381509686
601997.098919874755666,126475.217570278473431,1.732159452629276,2.925450608396204,0.329834570312372
602056.901477329083718,126519.102256617421517,2.271600395906717,3.623909032132360,0.321772170650734
602063.202301312237978,126506.611149422707967,2.416171817341819,2.841651389055187,0.275702628600894
602049.163623314583674,126467.258634720783448,2.471404446172528,3.528553714320878,0.305514123220463
602036.561975348275155,126461.28943305251596,1.530372926034033,3.066175191313960,0.352641917319132
601995.081550792441703,126534.716140610806178,2.380880741751753,2.246082581870724,0.240729242713425
602017.466057048295625,126545.65967700262263,2.834362851688638,1.776238487407682,0.178191939147189
602054.289951599086635,126471.873711936510517,1.915143362828530,3.150989359113737,0.326161873305571
602128.725343698635697,126508.07581464703253,3.453040561638772,3.240251829440240,0.239883909431266
602140.304489527479745,126513.658123614601209,2.915927075897343,2.709833120738040,0.238344256095468
602067.513391405693255,126464.108222729104455,3.536536321393214,2.404010075508268,0.190035860013396
602097.635751676280051,126384.408326380129438,2.252203605370596,3.114504859680892,0.300711323020902
602162.854806940886192,126482.568531592216459,2.276330320630223,2.835684186560684,0.284691286563287
602189.025334625621326,126489.6431409768702,2.738490137038752,0.825549771092483,0.0932002507449454
602202.649484729627147,126462.229029611335136,2.085949549800716,2.841767084668390,0.298445104612381
602233.573265594546683,126516.615089255879866,3.090497920289636,2.848176303188666,0.237018887038871
602237.331651830114424,126515.564951925349305,3.008216775837354,2.765861461040913,0.236647420603872
602224.536557513405569,126476.433518766454654,2.763912477996200,2.937944692297606,0.259712446319857
